V1,V2,V3,V4,V5,V6,V7,V8
,Role nouns,Czech,French,German,Italian,Norwegian,Slovak
,(in English),,,,,,
1,Accountants,see “Bookkeepers”,Comptables,see “Bookkeepers”,Ragionieri,Regnskapsførere,see “Bookkeepers”
2,Acrobats,Akrobati,Acrobates,Akrobaten,Acrobati,Akrobater,Akrobati
3,Acupuncturists,Akupunkturisti,Acupuncteurs,Akupunkteure,Agopunturisti,Akupunktører,Akupunkturisti
4,Administrative,see “Office workers”,Employés de,Verwaltungsangestellte,Impiegati amministrativi,see “Secretaries”,see “Office workers”
,workers,,l’administration,,,,
5,Admirals,Admirálové,Amiraux,Admirale,Ammiragli,Admiraler,Admiráli
6,Aerobics instructors,Instruktoři aerobiku,Professeurs d’aérobic,Aerobiclehrer,Istruttori di aerobica,Aerobicinstruktører,Inštruktori aerobiku
7,Air traffic controllers,Letečtí dispečeři,Contrôleurs aérien,Fluglotsen,Controllori di volo,Flyveledere,Pracovníci riadenia
,,,,,,,letovej prevádzky
8,Alcoholics,Alkoholici,Alcooliques,Alkoholiker,Alcolizzati,Alkoholikere,Alkoholici
9,Anglers,Rybáři,Pêcheurs,Fischer,Pescatori,Fiskere,Rybári
10,Animators,Organizátoři,N/A,Animateure,Animatori,Animatører,Animátori voľného
,,volnočasových aktivit,,,,,času
11,Antique dealers,Starožitníci,Antiquaires,Antiquitätenhändler,Antiquari,Antikvitetsforhandlere,Starožitníci
12,Apprentices,Učňové,Apprentis,Lehrlinge,Apprendisti,Lærlinger,Učni
13,Architects,Architekti,Architectes,Architekten,Architetti,Arkitekter,Architekti
14,Archivists,Archiváři,Archivistes,Archivare,Archivisti,Arkivarer,Archivári
15,Artists,Umělci,Artistes,Künstler,Artisti,Kunstnere,Umelci
16,Assistants,Asistenti,Assistants,Assistenten,Assistenti,Assistenter,Asistenti
17,Assistant chefs,Asistenti šéfkuchaře,Chefs de partie,Assistenzköche,Assistenti cuochi,Hjelpekokker,Asistenti šéfkuchára
18,Astrologists,Astrologové,Astrologues,Astrologen,Astrologi,Astrologer,Astrológovia
19,Astronauts,Astronauti/kosmonauti,Astronautes,Astronauten,Astronauti,Astronauter,Astronauti
20,Astronomers,Astronomové,Astronomes,Astronomen,Astronomi,Astronomer,Astronómovia
21,Athletes,Atleti,Athlètes,Sportler,Atleti,Idrettsutøvere,Športovci
22,Au pairs,Au-pair,Jeunes garçons au pair,Aupairs,Ragazzi alla pari,Au-pairer,Au-pair
23,Auctioneers,Dražitelé,Commissaires-priseurs,Auktionäre,Banditori d’asta,Auksjonarier,Dražitelia
24,Authors,Autoři,Auteurs,Autoren,Autori,Forfattere,Autori
25,Babies,Miminka,Bébés,Säuglinge,Neonati,Spedbarn,Bábätká
26,Babysitters,see “Child-minders”,Babysitters,Babysitter,Babysitter,see “Child-minders”,Opatrovatelia detí
27,Bakers,Pekaři,Boulangers,Bäcker,Fornai,Bakere,Pekári
28,Ballet dancers,Baletní tanečníci,Danseurs classiques,Balletttänzer,see “Dancers”,Ballettdansere,Baletníci
29,Bank clerks,see “Bankers”,Employés de banque,Bankangestellte,Impiegati di banca,Bankkasserere,Bankoví úradníci
30,Bankers,Bankovní úředníci,Banquiers,Bankkaufleute,Banchieri,Bankfunksjonærer,Bankári
Table 2 (continued),,,,,,,
Role nouns,,Czech,French,German,Italian,Norwegian,Slovak
(in English),,,,,,,
31 Barbers,,Holiči,Barbiers,Herrenfriseure,Barbieri,Barberere,Holiči
32 Bartenders,,Barmani,Tenanciers de bar,Barkeeper,Baristi,Bartendere,Barmani
33 Baseball players,,Hráči basebalu,Joueurs de baseball,Baseballspieler,Giocatori di baseball,Baseballspillere,Bejzbalisti
34 Basketball players,,Basketbalisti,Joueurs de basketball,Basketballspieler,Giocatori di pallacanestro,Basketballspillere,Basketbalisti
35 Bass players,,Baskytaristi,Bassistes,Bassisten,Bassisti,Bassister,Basgitaristi
36 Beauticians,,Kosmetici,Esthéticiens,Kosmetiker,Estetisti,Kosmetikere,Kozmetici
37 Bikers,,see “Cyclists”,Motards,Motorradfahrer,Motociclisti,Motorsyklister,see “Cyclists”
38 Bingo players,,Hráči binga,Joueurs de bingo,Bingospieler,Giocatori di bingo,Bingospillere,Hráči binga
39 Biologists,,Biologové,Biologistes,Biologen,Biologi,Biologer,Biológovia
40 Birth attendants,,Porodníci,Assistants maternels,Geburtshelfer,Ostetrici,Fødselshjelpere,Pôrodní asistenti
41 Blacksmiths,,Kováři,Forgerons,Schmiede,Fabbri,Smeder,Kováči
42 Bookkeepers,,Účetní,see “Accountants”,Buchhalter,Contabili,Bokholdere,Účtovníci
43 Bosses,,Šéfové,Patrons,Chefs,Capi,Sjefer,Šéfovia
44 Boutique owners,,Majitelé butiků,Propriétaires de boutique,Boutique-Inhaber,Propietari di negozio,Butikkeiere,Majitelia butiku
45 Boxers,,Boxeři,Boxeurs,Boxer,Pugili,Boksere,Boxeri
46 Bricklayers,,Zedníci,Maçons,Maurer,Muratori,Murere,Murári
47 Building contractors,,Stavitelé,Entrepreneurs en,Bauunternehmer,Impresari edili,Byggentreprenører,Stavitelia
,,,bâtiment,,,,
48 Bus drivers,,Řidiči autobusu,Conducteurs de bus,Busfahrer,Autisti di autobus,Bussjåfører,Vodiči autobusov
49 Butchers,,Řezníci,Bouchers,Metzger,Macellai,Slaktere,Mäsiari
50 Butlers,,N/A,Maîtres d’hôtel,Dienstboten,Maggiordomi,Hovmestere,Komorníci
51 Cabinet ministers,,Ministři,Ministres,Minister,Ministri,Ministere,Ministri
52 Cake decorators,,see “Pastry chefs”,Décorateurs de gâteau,N/A,Decoratori di torte,N/A,see “Pastry chefs”
53 Camera operators,,Kameramani,Caméramans,Kameraleute,Operatori cinematografici,Filmfotografer,Kameramani
54 Campers,,Táborníci,Campeurs,Camper,Campeggiatori,Campingturister,Táborníci
55 Canteen assistants,,Pomocníci/pomocné,Aides de cantine,Küchenhilfen,Inservienti di mensa,Kjøkkenhjelpere,Asistenti jedálne
,,síly,,,,,
56 Car mechanics,,Automechanici,see “Mechanics”,Automechaniker,see “Mechanics”,Bilmekanikere,Automechanici
57 Card players,,Hráči karet,Joueurs de cartes,Kartenspieler,Giocatori di carte,Kortspillere,Hráči kariet
58 Care workers,,Opatrovníci,Travailleurs sociaux,Betreuungspersonen,Operatori sociali,Sosionomer,Opatrovníci
59 Caregivers,,see “Health visitors”,Soignants,Pfleger,Badanti,Omsorgsytere,Opatrovatelia
60 Caretakers,,Domovníci,see “Janitors”,Verwalter,Custodi,see “Supervisors”,Domovníci
61 Carpenters,,Tesaři,Charpentiers,Schreiner,see “Wood workers”,Snekkere,Stolári
62 Cartoonists,,Karikaturisti,Dessinateurs de BD,Comiczeichner,Disegnatori di cartoni,Tegneserieskapere,Karikaturisti
Table 2 (continued),,,,,,,
Role nouns,,Czech,French,German,Italian,Norwegian,Slovak
(in English),,,,,,,
63 Cashiers,,Pokladníci,Caissiers,Kassierer,Cassieri,Kasserere,Pokladníci
64 Cat owners,,Majitelé koček,Propriétaires de chat,Katzenbesitzer,Proprietari di gatti,Katteeiere,Majitelia mačiek
65 Caterers,,Dodavatelé jídla,Traiteurs,Betreiber eines Partyservice,Ristoratori,Selskapsarrangører,Zásobovatelia
66 Celebrities,,Celebrity,Célébrités,Prominente,Celebrità,Kjendiser,Osobnosti
67 Chair persons,,Předsedové,Présidents (entreprise),Vorsitzende,Presidenti,Styreledere,Predsedovia
68 Chamber-maids,,Pokojští,Hommes de chambre,Zimmerpersonal,Camerieri d’albergo,Stuepiker,Chyžní
69 Cheerleaders,,Roztleskávači,Pompom boys,Cheerleader,Ragazzi ponpon,Cheerleadere,Roztlieskavači
70 Chefs,,Šéfkuchaři,Chefs,Chefköche,Capocuochi,Kjøkkensjefer,Šéfkuchári
71 Chemists,,Chemici,Chimistes,Chemiker,Chimici,Kjemikere,Chemici
72 Children,,Děti,see “Kids”,see “Kids”,Bambini,Barn,Deti
73 Child educators,,Vychovatelé,Éducateurs d’enfants,see “Nursery teachers”,Educatori d’infanzia,Pedagoger,Vychovávatelia
74 Child-minders,,Opatrovatelé dětí,Gardiens d’enfants,Tagesväter,Balie,Barnevakter,Detskí opatrovatelia
75 Chiropractors,,Chiropraktici,Chiropracteurs,Chiropraktiker,Chiroterapeuti,Kiropraktorer,Chiropraktici
76 Chocolate lovers,,Milovníci čokolády,Amateurs de chocolat,Schokoladenliebhaber,Amanti del cioccolato,Sjokoladeelskere,Milovníci čokolády
77 Choreographers,,Choreografové,Chorégraphes,Choreografen,Coreografi,Koreografer,Choreografi
78 Cinema goers,,Návštevníci kina,Spectateurs de cinéma,Kinobesucher,Frequentatori di cinema,Kinogjengere,Návštevníci kina
79 Clairvoyants,,Jasnovidci,Voyants,Hellseher,Chiaroveggenti,Synske,Jasnovidci
80 Cleaners,,Uklízeči,Techniciens de surface,Reinigungskräfte,Addetti alle pulizie,Rengjøringspersonale,Upratovači
81 Clerks,,Úředníci,Employés,Angestellte,Impiegati,Ansatte,Úradníci
82 Clients,,Klienti,see “Customers”,Klienten,Clienti,Klienter,Klienti
83 Climbers,,see “Mountain,Grimpeurs,Kletterer,Arrampicatori,Klatrere,see “Mountain climbers”
,,climbers”,,,,,
84 Clinical,,Kliničtí psychologové,Psychologues cliniciens,Klinische Psychologen,Psicologi clinici,Kliniske psykologer,Klinickí psychológovia
psychologists,,,,,,,
85 Clowns,,Klauni,Clowns,Clowns,Clown,Klovner,Klauni
86 Colonels,,Plukovníci,Colonels,Obersten,Colonnelli,Oberster,Plukovníci
87 Comedians,,Komici,Comédiens,Komiker,Comici,Komikere,Komici
88 Company directors,,Ředitelé společnosti,see “General managers”,Betriebsleiter,Dirigenti d’impresa,see “Executives”,Riaditelia spoločnosti
89 Composers,,Skladatelé,Compositeurs,Komponisten,Compositori,Komponister,Skladatelia
90 Computer,,Programátoři,Programmateurs,Programmierer,Programmatori,Programmerere,Programátori
programmers,,,,,,,
91 Computer specialists,,IT odborníci,Informaticiens,Computerspezialisten,Specialisti d’informatica,Dataeksperter,IT odborníci
92 Computer technicians,,IT technici,Techniciens informatique,Computertechniker,Tecnici informatici,Datateknikere,Počítačoví technici
93 Conquerors,,Dobyvatelé,Conquérants,Eroberer,Conquistatori,Erobrere,Dobyvatelia
94 Conservationists,,Ochránci přírody,see “Curators”,Naturschützer,Ambientalisti,Miljøvernere,Ochrancovia prírody
Table 2 (continued),,,,,,,
Role nouns,,Czech,French,German,Italian,Norwegian,Slovak
(in English),,,,,,,
95 Construction workers,,Stavební dělníci,Ouvriers du bâtiment,Bauarbeiter,Operai edili,Bygningsarbeidere,Stavební robotníci
96 Cooks,,Kuchaři,Cuisiniers,Köche,Cuochi,Kokker,Kuchári
97 Coordinators,,Koordinátoři,Coordinateurs,Koordinatoren,Coordinatori,N/A,Koordinátori
98 Counseling,,Psychologové,Psychologues conseillers,Psychotherapeuten,Consulenti psicologici,Rådgiver,Psychológovia
psychologists,,,,,,,
99 Counsellors,,Odborní poradci,Conseillers,Professionelle Berater,Consulenti professionali,Yrkesrådgivere,Odborní poradcovia
,,,professionnels,,,,
100 Couriers,,Kurýři,Coursiers,Kuriere,Corrieri,Kurerer,Kuriéri
101 Court reporters,,Soudní zapisovatelé,Sténographes,Gerichtsschreiber,Cancellieri,Rettsstenografer,Súdni stenografi
102 Craft workers,,Řemeslníci,Artisans,Handwerker,Artigiani,Håndverkere,Remeselníci
103 Crane operators,,Jeřábníci,Grutiers,Kranführer,Operatori di gru,Kranførere,Žeriavníci
104 Criminals,,Kriminálníci,Criminels,Kriminelle,Criminali,Kriminelle,Zločinci
105 Cult members,,Členové kultu,Membres d’une secte,Sektenmitglieder,Seguaci,Sektmedlemmer,Členovia kultu
106 Curators,,Kurátoři,Conservateurs,Kuratoren,Curatori,Kuratorer,Kurátori
107 Customers,,see “Shoppers”,Clients,Kunden,Consumatori,Kunder,see “Shoppers”
108 Customs inspectors,,Celní inspektoři,Inspecteurs des douanes,Zollinspektoren,Ispettori di dogana,Tollinspektører,Colní inšpektori
109 Customs officers,,Celníci,Douaniers,Zollbeamte,Doganieri,Tollere,Colníci
110 Cyclists,,Cyklisti,Cyclistes,Radfahrer,Ciclisti,Syklister,Cyklisti
111 Dance instructors,,Taneční instruktoři,Professeurs de danse,Tanzlehrer,Istruttori di ballo,Danseinstruktører,Taneční inštruktori
112 Dancers,,Tanečníci,Danseurs,Tänzer,Ballerini,Dansere,Tanečníci
113 Data processors,,Zpracovatelé údajů,Traiteurs de données,Datenverarbeiter,Elaboratori di dati,N/A,Spracovávatelia údajov
114 Database,,Administrátoři databází,Administrateurs de bases,Datenbankverwalter,Amministratori di,N/A,Databázoví
administrators,,,de données,,database,,administrátori
115 Deacons,,Jáhni,Diacres,Diakone,Diaconi,Diakoner,Diakoni
116 Dental hygienists,,Zubní hygienici,Hygiénistes dentaire,Dentalhygieniker,Igienisti dentali,Tannpleiere,Dentálni hygienici
117 Dental technicians,,Zubaři,Techniciens dentaire,Zahntechniker,Odontotecnici,Tannteknikere,Zubní technici
118 Dentists,,Zubní technici,Dentistes,Zahnärzte,Dentisti,Tannleger,Zubári
119 Deputies,,Zástupci,Députés,Stellvertreter,Deputati,Varamedlemmer,Zástupcovia
120 Designers,,Návrháři,Designers,Designer,Designers,Designere,Návrhári
121 Detectives,,Detektivové,Détectives,Detektive,Investigatori,Detektiver,Detektívi
122 Dieticians,,Dietetici,Diététiciens,Ernährungsberater,Dietologi,Kostholdseksperter,Výživoví poradcovia
123 Diplomats,,Diplomati,Diplomates,Diplomaten,Diplomatici,Diplomater,Diplomati
124 Doctors of,,see “Physicians”,see “Medical doctors”,Doktoren der Philosophie,Dottori,Filosofidoktorer,see “Physicians”
Philosophy,,,,,,,
125 Dog owners,,Majitelé psů,Propriétaires de chien,Hundehalter,Proprietari di cani,Hundeeiere,Majitelia psov
Table 2 (continued),,,,,,,
Role nouns,,Czech,French,German,Italian,Norwegian,Slovak
(in English),,,,,,,
126 Door keepers,,Vrátní,Portiers,Pförtner,Portinai,Dørvakter,Vrátnici
127 Dressmakers,,see “Tailors”,Couturiers,N/A,see “Tailors”,see “Tailors”,see “Tailors”
128 Drivers,,Řidiči,Automobilistes,Fahrer,Automobilisti,Sjåfører,Vodiči
129 Driving instructors,,Učitelé v autoškole,Moniteurs d’auto-école,Fahrlehrer,Istruttori di guida,Kjørelærere,Inštruktori autoškôl
130 Drug addicts,,Narkomani,Toxicomanes,Drogenabhängige,Tossicodipendenti,Narkomane,Narkomani
131 Drug dealers,,Dealeři drog,Dealeurs de drogue,Drogenhändler,Spacciatori,Langere,Drogoví díleri
132 Drummers,,Bubeníci,Batteurs,Schlagzeuger,Batteristi,Trommeslagere,Bubeníci
133 Economists,,Ekonomové,Économistes,Wirtschaftswissenschaftler,Economisti,Økonomer,Ekonómovia
134 Editors,,Editoři,see “Publishers”,Herausgeber,Redattori,Redaktører,Editori
135 Educational,,Pedagogičtí,Éducateurs spécialisés,Pädagogische Psychologen,Psicologi dell’educazione,Skolepsykologer,Vzdelávací
psychologists,,psychologové,,,,,psychológovia
136 Electricians,,Elektrikáři,Électriciens,Elektriker,Elettricisti,Elektrikere,Elektrikári
137 Embezzlers,,Defraudanti,Escrocs,Veruntreuer,Malversatori,Underslagere,Defraudanti
138 Engine-drivers,,Strojvedoucí,Mécaniciens de train,Lokführer,Macchinisti,Lokomotivførere,Rušnovodiči
139 Engineers,,Inženýři,Ingénieurs,Ingenieure,Ingegneri,Ingeniører,Inžinieri
140 Entertainers,,Konferenciéři,Amuseurs,Entertainer,Intrattenitori,Artister,Konferencieri
141 Environmentalists,,Ekologové,Écologistes,Umweltschützer,Ecologisti,Miljøaktivister,Ekológovia
142 Estate agents,,Realitní makléři,Agents immobiliers,Immobilienmakler,Agenti immobiliari,Eiendomsmeglere,Realitní makléri
143 Executives,,Vedoucí pracovníci,Cadres,Führungskräfte,Impiegati esecutivi,Direktører,Vedúci pracovníci
144 Executors,,Exekutoři,Exécuteurs testamentaire,Nachlassverwalter,Esecutori testamentari,Testamentfullbyrdere,Exekútori
145 Exercise instructors,,Instruktoři cvičení,Professeurs de fitness,Übungsleiter,Istruttori di palestra,Treningsinstruktører,Inštruktori cvičenia
146 Exotic dancers,,Tanečníci exotických,Danseurs exotiques,exotische Tänzer,Danzatori esotici,Eksotiske dansere,Exotickí tanečníci
,,tanců,,,,,
147 Explorers,,Badatelé,Explorateurs,Entdecker,Esploratori,Oppdagere,Bádatelia
148 Factory managers,,Ředitelé závodu,Directeurs d’usine,Werksleiter,Direttori di stabilimento,Fabrikkbestyrere,Riaditelia závodu
149 Fans,,see “Groupies”,Fans,Fans,Ammiratori,Fans,see “Groupies”
150 Farmers,,Zemědělci,Agriculteurs,Bauern,Agricoltori,Bønder,Poľnohospodári
151 Fashion models,,Manekýni/modelové,Mannequins,Mannequins,see “Models”,Mannekenger,Manekýni
152 Fencers,,Šermíři,Escrimeurs,Fechter,Schermitori,Fektere,Šermiari
153 Fig. skaters,,Krasobruslaři,Patineurs artistiques,Eiskunstläufer,Pattinatori artistici,Kunstløpere,Krasokorčuliari
154 Film directors,,Filmoví režiséři,Réalisateurs,Filmregisseure,Registi,Filmregissører,Filmoví režiséri
155 Film stars,,Filmové hvězdy,Vedettes de cinéma,Filmstars,Star del cinema,Filmstjerner,Filmové hviezdy
156 Financial advisers,,Finanční poradci,Conseillers financiers,Finanzberater,Consulenti finanziari,Revisorer,Finanční poradcovia
157 Financial analysts,,Finanční analytici,Analystes financiers,Analysten,Analisti finanziari,Finansanalytikere,Finanční analytici
Table 2 (continued),,,,,,,
Role nouns,,Czech,French,German,Italian,Norwegian,Slovak
(in English),,,,,,,
158 Firefighters,,Hasiči,Pompiers,Feuerwehrleute,Vigili del fuoco,Brannkonstabler,Požiarnici
159 Flight attendants,,Stevardi,Stewards,Flugbegleiter,Assistenti di volo,Kabinpersonale,Stewardi
160 Florists,,Květináři,Fleuristes,Floristen,Fioristi,Blomsterhandlere,Kvetinári
161 Flute players,,Flétnisti,Flûtistes,Flötenspieler,Flautisti,Fløytister,Flautisti
162 Football coaches,,Trenéři fotbalu,Entraîneurs de foot,Fussballtrainer,Allenatori di calcio,Fotballtrenere,Futbaloví tréneri
163 Football players,,Fotbalisti,Footballeurs,Fussballspieler,Calciatori,Fotballspillere,Futbalisti
164 Forensic,,Soudní psychologové,Psychologues,Forensische Psychologen,Psicologi forensi,Rettspsykiatere,Súdni psychológovia
psychologists,,,criminologues,,,,
165 Forest rangers,,Myslivci,Gardes-forestiers,Förster,Guardie forestali,Skogsforvaltere,Lesníci
166 Fortune tellers,,Věštci,Diseurs de bonne,Wahrsager,Indovini,see “Tarot card readers”,Veštci
,,,aventure,,,,
167 Funeral directors,,Majitelé pohřebního,Directeurs de pompes,Bestattungsunternehmer,Impresari di pompe funebri,see “Undertakers”,Majitelia pohrebného
,,ústavu,funèbres,,,,ústavu
168 Game wardens,,Revírníci,Gardes-chasses,Wildhüter,Guardacaccia,Skogvoktere,Horári
169 Gardeners,,see “Groundkeepers”,Jardiniers,Gärtner,Giardinieri,Gartnere,see “Groundkeepers”
170 Generals,,Generálové,Généraux,Generäle,Generali,Generaler,Generáli
171 General managers,,Generální ředitelé,Directeurs généraux,Geschäftsführer,Direttori generali,Daglige ledere,Generálni riaditelia
172 Geologists,,Geologové,Géologues,Geologen,Geologi,Geologer,Geológovia
173 Goalkeepers,,Brankáři,Gardiens de foot,Torwarte,Portieri di calcio,Keepere,Brankári
174 Goldsmiths,,Zlatníci,Orfèvres,Goldschmiede,Orefici,Gullsmeder,Zlatníci
175 Golfers,,Golfisté,Golfeurs,Golfspieler,Golfisti,Golfspillere,Golfisti
176 Government officials,,Státní úředníci,Fonctionnaires,Regierungsbeamte,Funzionari governativi,Embetsmenn,Štátni úradníci
177 Governors,,Guvernéři,Gouverneurs,Gouverneure,Governatori,Guvernører,Guvernéri
178 Graphic designers,,Grafici,Graphistes,Grafikdesigner,Grafici,Grafiske designere,Grafickí dizajnéri
179 Groundkeepers,,Zahradníci,N/A,Platzwarte,Custodi di giardini pubblici,N/A,Záhradníci
180 Groupies,,Fanoušci,Groupies,Groupies,Groupies,Groupier,Fanúšici
181 Guards,,Strážci,Surveillants,Wächter,Guardie,Vakter,Strážcovia
182 Guitar players,,Kytaristé,Guitaristes,Gitarrenspieler,Chitarristi,Gitarspillere,Gitaristi
183 Gymnasts,,Gymnasté,Gymnastes,Turner,Ginnasti,Turnere,Gymnasti
184 Gynaecologists,,Gynekologové,Gynécologues,Frauenärzte,Ginecologi,Gynekologer,Gynekológovia
185 Hairdressers,,Kadeřníci,Coiffeurs,Friseure,Parrucchieri,Frisører,Kaderníci
186 Heads of department,,Vedoucí oddělení,Chefs de département,Abteilungsleiter,Capi dipartimento,Avdelingsledere,Vedúci oddelenia
187 Head teachers,,Ředitelé školy,Directeurs d’école,Schulleiter,Presidi,Rektorer,Riaditelia škôl
188 Health visitors,,Pečovatelé,Infirmiers itinérants,Gesundheitsberater,see “Social workers”,Helsearbeidere,Ošetrovatelia
Table 2 (continued),,,,,,,
Role nouns,,Czech,French,German,Italian,Norwegian,Slovak
(in English),,,,,,,
Heavy equipment,,Operátoři těžké,Opérateurs d’équipement,,Operatori di macchine,,
operators,,techniky,lourd,,pesanti,,
190 Historians,,Historici,Historiens,Historiker,Storici,Historikere,Historici
191 History professors,,Profesoři historie,Professeurs d’histoire,Geschichtsprofessoren,Professori di storia,Historieprofessorer,Profesori histórie
192 Hitchhikers,,Stopaři,Auto-stoppeurs,Anhalter,Autostoppisti,Haikere,Stopári
193 Homeless persons,,Bezdomovci,Sans-abri,Obdachlose,Senzatetto,Hjemløse,Bezdomovci
194 Horse riders,,Jezdci na koních,Cavaliers,Reiter,Cavallerizzi,Ryttere,Jazdci na koňoch
195 Horse trainers,,Trenéři koní,Dresseurs de chevaux,Pferdetrainer,Addestatori di cavalli,Ridelærere,Tréneri koní
196 Hospital orderlies,,Zdravotníci,Aides-soignants,N/A,Inservienti ospedalieri,Portører,Zdravotníci
197 Hotel guests,,Hoteloví hosté,Client d’hôtel,Hotelgäste,Ospiti d’albergo,Hotellgjester,Hoteloví hostia
198 Hotel managers,,Ředitelé hotelu,Gérants d’hôtel,Hotelmanager,Direttori d’albergo,Hotelldirektører,Riaditelia hotelov
199 Housekeepers,,Hospodáři,Gouvernant,Haushälter,Domestici,Husholdere,Gazdovia
200 Humanitarians,,Humanitární pomocníci,Humanitaires,Menschenfreunde,Benefattori,Menneskevenner,Humanitárni pomocníci
201 Humanities,,Profesoři humanitních,Professeurs de lettres,Professoren für,Professori di lettere,Professorer i humanoria,Profesori humanitných
professors,,oborů,,Geisteswissenschaften,,,odborov
202 Hunters,,Lovci,Chasseurs,Jäger,Cacciatori,Jegere,Lovci
203 Ice skaters,,Bruslaři,Patineurs sur glace,Eisläufer,Pattinatori sul ghiaccio,Skøyteløpere,Korčuliari
204 Infant teachers,,see “Nursery teachers”,Enseignants d’école,Kindergartenpädagogen,see “Nursery teachers”,N/A,Učitelia v škôlke
,,,primaire,,,,
205 Informants,,Informátoři,Informateurs,Informanten,Informatori,Informanter,Spravodajcovia
206 Inmates,,Chovanci,Détenus,Häftlinge,Detenuti,Innsatte,Spolubývajúci
207 Innkeepers,,Hostinští,Aubergistes,Gastwirte,Albergatori,Vertshusinnehavere,Krčmári
208 Interior decorators,,Bytoví architekti,Décorateurs d’intérieur,Innenausstatter,Decoratori d’interni,Interiørarkitekter,Bytoví architekti
209 Interpreters,,Tlumočníci,Interprètes,Dolmetscher,Interpreti,Tolker,Tlmočníci
210 Inventors,,Vynálezci,Inventeurs,Erfinder,Inventori,Oppfinnere,Vynálezcovia
211 IT consultants,,IT konzultanti,Consultants,IT-Berater,Consulenti informatici,IT-konsulenter,IT konzultanti
,,,informatiques,,,,
212 Jailors,,Dozorci,Geôliers,Gefängniswärter,Cercerieri,Fangevoktere,Dozorci vo väzení
213 Janitors,,Školníci,Concierges,Hausmeister,Bidelli,Vaktmestere,Školníci
214 Jewelers,,Klenotníci,Bijoutiers,Juweliere,Gioiellieri,Juvelerer,Klenotníci
215 Job seekers,,Uchazeči o zaměstnání,Chercheurs d’emploi,Arbeitssuchende,Disoccupati,Jobbsøkere,Uchádzači o zamestnanie
216 Joggers,,see “Runners”,Joggeurs,Jogger,Maratoneti,Joggere,see “Runners”
217 Journalists,,Novináři,see “Reporters”,Journalisten,Giornalisti,Journalister,Novinári
218 Judges,,Soudci,Juges,Richter,Giudici,Dommere,Sudcovia
219 Jugglers,,Žongléři,Jongleurs,Jongleure,Giocolieri,Sjonglører,Žongléri
Table 2 (continued),,,,,,,
Role nouns,,Czech,French,German,Italian,Norwegian,Slovak
(in English),,,,,,,
220 Jurors,,Porotci,Jurés,Jurymitglieder,Giurati,Jurymedlemmer,Porotcovia
221 Karaoke singers,,Zpěváci karaoke,Chanteurs de karaoké,Karaokesänger,Cantanti di karaoke,Karaokesangere,Speváci karaoke
222 Kids,,Děti (hoši),Enfants,Kinder,Ragazzi,Unger,N/A
223 Killers,,see “Murderers”,Tueurs,Totschläger,Sicari,Drapsmenn,see “Murderers”
224 Kindergarten teachers,,see “Nursery teachers”,Enseignants de la petite,Kindergärtner,Maestri d’asilo,Barnehageansatte,see “Nursery teachers”
,,,enfance,,,,
225 Knitters,,Pletaři,Tricoteurs,Stricker,Magliai,N/A,Pletiari
226 Lab technicians,,Laboranti,Techniciens de,Labortechniker,Tecnici di laboratorio,Laboratorieteknikere,Laboranti
,,,laboratoire,,,,
227 Landscape gardeners,,Zahradní architekti,Paysagistes,Landschaftsgärtner,Architetti per giardini,Anleggsgartnere,Záhradní architekti
228 Law clerks,,Advokátní koncipienti,Greffiers,Rechtsanwaltsgehilfen,Assistenti giudiziari,Advokatsekretærer,Advokátski koncipienti
229 Law professors,,Profesoři práva,Professeurs de droit,Rechtsprofessoren,Professori di diritto,Jusprofessorer,Profesori práva
230 Lawyers,,Právníci,Avocats,Anwälte,Avvocati,Advokater,Právnici
231 Leaders,,see “Supervisors”,Dirigeants,Anführer,Leader,Ledere,see “Supervisors”
232 Librarians,,Knihovníci,Bibliothécaires,Bibliothekare,Bibliotecari,Bibliotekarer,Knihovníci
233 Lieutenants,,Poručíci,Lieutenants,Leutnants,Luogotenenti,Løytnanter,Poručíci
234 Lifeguards,,Plavčíci,Sauveteurs,Rettungsschwimmer,Bagnini,Badevakter,Plavčíci
235 Lighthouse keepers,,Strážci majáku,Gardiens de phare,Leuchtturmwärter,Guardiani del faro,Fyrvoktere,Strážcovia majákov
236 Lodgers,,Nájemníci,Locataires,Mieter,Inquilini,Leieboere,Nájomníci
237 Lorry drivers,,Řidiči kamionů,Camionneurs,LKW-Fahrer,Camionisti,Lastebil sjåfører,Vodiči kamiónov
238 Magicians,,Kouzelníci,Magiciens,Zauberer,Prestigiatori,Tryllekunstnere,Kúzelníci
239 Magician’s assistants,,Asistenti kouzelníků,Assistants de magicien,Assistenten einer,Assistenti di prestigiatore,N/A,Asistenti kúzelníkov
,,,,Zaubershow,,,
240 Make up artists,,Maskéři,Maquilleurs,Visagisten,Truccatori,N/A,Maskéri
241 Managers,,Manažeři,Managers,Manager,Manager,Managere,Manažéri
242 Manicurists,,Manikéři,Manucures,Nagelpfleger,Manicure,Manikyrister,Manikéri
243 Mathematicians,,Matematici,Mathématiciens,Mathematiker,Matematici,Matematikere,Matematici
244 Mayors,,Starostové,Maires,Bürgermeister,Sindaci,Ordførere,Starostovia
245 Mechanics,,Mechanici,Mécaniciens,Mechaniker,Meccanici,Mekanikere,Mechanici
246 Medical doctors,,Doktoři,Docteurs,Doktoren,Medici,see “Physicians”,Doktori
247 Members of the,,Opraváři,Militaires,Armeeangehörige,Militari di leva,see “Soldiers”,Opravári
armed,,,,,,,
forces,,,,,,,
248 Members of,,Členové parlamentu,Parlementaires,Parlamentsabgeordnete,Parlamentari,Parlamentsmedlemmer,Členovia parlamentu
parliament,,,,,,,
249 Metallurgists,,Hutníci,Métallurgistes,Metallurgen,Metalmeccanici,Metallurger,Hutníci
Table 2 (continued),,,,,,,
Role nouns,,Czech,French,German,Italian,Norwegian,Slovak
(in English),,,,,,,
250 Meteorologists,,Meteorologové,Météorologues,Meteorologen,Metereologi,Meteorologer,Meteorológovia
251 Millionaires,,Milionáři,Millionnaires homme,Millionäre,Milionari,Millionærer,Milionári
252 Miners,,Horníci,Mineurs,Bergarbeiter,Minatori,Gruvearbeidere,Baníci
253 Models,,Modelové,Modèles,Models,Modelli,Modeller,Modeli
254 Mountain climbers,,Horolezci,Alpinistes,Bergsteiger,Alpinisti,Fjellklatrere,Horolezci
255 Murderers,,Vrahové,Meurtriers,Mörder,Assassini,Mordere,Vrahovia
256 Musicians,,Muzikanti,Musiciens,Musiker,Musicisti,Musikere,Muzikanti
257 Nannies,,N/A,N/A,N/A,N/A,Barnepassere,Pestún
258 Neighbours,,Sousedé,Voisins,Nachbarn,Vicini di casa,Naboer,Susedia
259 Neurologists,,Neurologové,Neurologues,Neurologen,Neurologi,Nevrologer,Neurológovia
260 Neurosurgeons,,Neurochirurgové,Neurochirurgiens,Neurochirurgen,Neurochirurghi,Nevrokirurger,Neurochirurgovia
261 News readers,,Hlasatelé,Présentateurs des,Nachrichtensprecher,Annunciatori televisivi,Nyhetsopplesere,Hlásatelia televíznych
,,,informations,,,,novín
262 Novelists,,Prozaici,Romanciers,Romanautoren,Romanzieri,Skjønnlitterære forfattere,Prozaici
263 Nurses,,Zdravotní sestry,Infirmiers,Krankenpfleger,Infermieri,Sykepleiere,Zdravotní bratia
264 Nursery teachers,,Učitelé ve školce,Éducateurs de la petite,Erzieher,Maestri d’asilo nido,Førskolelærere,Učitelia v materskej
,,,enfance,,,,škôlke
265 Nutritionists,,Nutriční specialisti,Nutritionnistes,Ernährungswissenschaftler,Nutrizionisti,Ernæringsfysiologer,Výživoví špecialisti
266 Occupational,,Ergoterapeuti,Ergothérapeutes,Ergotherapeuten,Terapisti occupazionali,Ergoterapeuter,Ergoterapeuti
therapists,,,,,,,
267 Oceanographers,,Oceánografové,Océanographes,Meeresforscher,Oceanografi,Oseanografer,Oceánografovia
268 Office workers,,Administrativní pracovníci,Employés de bureau,Büroangestellte,Impiegati d’ufficio,Kontormedarbeidere,Administratívni
,,,,,,,pracovníci
269 Orchestra conductors,,Dirigenti,Chefs d’orchestre,Dirigenten,Direttori d’orchestra,Dirigenter,Dirigenti
270 Orthodontists,,Odborníci v ortodoncii,Orthodontistes,Kieferorthopäden,Ortodontisti,Reguleringstannleger,Ortodontisti
271 Palm readers,,Věštci z dlaně,Chiromanciens,Handleser,Chiromanti,Håndlesere,Veštci z dlane
272 Parachutists,,Parašutisté,Parachutistes,Fallschirmspringer,Paracadutisti,Fallskjermhoppere,Parašutisti
273 Parents,,Rodiče,Parents,Eltern,Genitori,Foreldre,Rodičia
274 Pastry chefs,,Cukráři,Pâtissiers,Konditoren,Pasticceri,Konditorer,Cukrári
275 Patients,,Pacienti,Patients,Patienten,Pazienti,Pasienter,Pacienti
276 Pawnbrokers,,Zástavárníci,Prêteurs sur gage,Pfandleiher,Prestatori su pegno,Pantelånere,Pracovníci záložne
277 Pedestrians,,Chodci,Piétons,Fußgänger,Pedoni,Fotgjengere,Chodci
278 Pediatricians,,Pediatři,Pédiatres,Kinderärzte,Pediatri,Barneleger,Pediatri
279 Pensioners,,Senioři,Retraités,Rentner,Pensionati,Pensjonister,Dôchodcovia
280 Persons,,Mužské osoby,Personnes,Personen,Persone,Personer,Osoby
Table 2 (continued),,,,,,,
Role nouns,,Czech,French,German,Italian,Norwegian,Slovak
(in English),,,,,,,
281 Personal trainers,,Osobní trenéři,Entraîneurs privés,Fitnesstrainer,Personal trainer,Personlige trenere,Osobní tréneri
282 Pharmacists,,Farmaceuti,Pharmaciens,Apotheker,Farmacisti,Apotekere,Farmaceuti
283 Philanthropists,,Filantropové,Philanthropes,Philanthropen,Filantropi,Filantroper,Filantropi
284 Photographers,,Fotografové,Photographes,Fotografen,Fotografi,Fotografer,Fotografi
285 Physicians,,Doktoři/lékaři,Médecins,Mediziner,Medici specialisti,Leger,Lekári
286 Physicists,,Fyzici,Physiciens,Physiker,Fisici,Fysikere,Fyzici
287 Physics students,,Studenti fyziky,Étudiants en physique,Physikstudenten,Studenti di fisica,Fysikkstudenter,Študenti fyziky
288 Physiotherapists,,Fyzioterapeuti,Physiothérapeutes,Physiotherapeuten,Fisioterapisti,Fysioterapeuter,Fyzioterapeuti
289 Piano players,,Klavíristé,Joueurs de piano,Klavierspieler,Pianisti,Pianister,Klaviristi
290 Pilots,,Piloti,Pilotes,Piloten,Piloti,Piloter,Piloti
291 Playgroup leaders,,Vedoucí dětského,Directeurs de garderie,Krabbelgruppenleiter,Capisquadra,N/A,Vedúci detského krúžku
,,kroužku,,,,,
292 Plumbers,,Instalatéři,Plombiers,Klempner,Idraulici,Rørleggere,Inštalatéri
293 Poets,,Básníci,Poètes,Dichter,Poeti,Diktere,Básnici
294 Police Inspectors,,Inspektoři,Inspecteurs,Kommissare,Ispettori,Inspektører,Inšpektori
295 Police officers,,Policisté,Policiers,Polizisten,Poliziotti,Politimenn,Policajti
296 Police sergeants,,Seržanti,Sergents de police,Polizeiobermeister,Sergenti di polizia,Overbetjenter,Seržanti
297 Political activists,,Političtí aktivisté,Activistes politiques,Politische Aktivisten,Attivisti politici,Aktivister,Politickí aktivisti
298 Politicians,,Politici,Politiciens,Politiker,Politici,Politikere,Politici
299 Porters,,Portýři,Bagagistes,Gepäckträger,Facchini,Pikkoloer,Vrátnici/nosiči
300 Postal workers,,Pracovníci pošty,Employés de poste,Postangestellte,Impiegati delle poste,Postbetjenter,Poštoví pracovníci
301 Postmen,,Pošťáci,Facteurs,Postboten,Postini,Postbud,Poštoví doručovatelia
302 Presidents,,Prezidenti,Présidents,Präsidenten,Presidenti,Presidenter,Prezidenti
303 Priests,,Kazatelé,Prêtres,Priester,N/A,Prester,Kňazi
304 Primary school,,Učitelé na základní škole,Maîtres d’école primaire,Grundschullehrer,Maestri di scuola elementare,Barneskolelærere,Učitelia základných škôl
teachers,,,,,,,
305 Prison guards,,Vězenští dozorci,Gardiens de prison,N/A,Secondini,Fengselsbetjenter,Väzenskí dozorcovia
306 Prisoners,,Vězni,Prisonniers,Gefangene,Carcerati,Fanger,Väzni
307 Private detectives,,N/A,Détectives privés,Privatdetektive,Investigatori privati,Privatdetektiver,Súkromní detektívi
308 Probation officers,,Sociální kurátoři,Agents de probation,Bewährungshelfer,Sorveglianti di persone in,Tilsynsførere,Sociálni kurátori
,,,,,libertà vigilata,,
309 Professional athletes,,Profesionální sportovci,Athlètes professionnels,Profi-Sportler,Atleti professionisti,Profesjonelle,Profesionálni športovci
,,,,,,idrettsutøvere,
310 Professors,,Profesoři,Professeurs,Professoren,Professori,Professorer,Profesori
311 Projectionists,,Promítači,Projectionnistes,Filmvorführer,Proiezionisti,Kinomaskinister,Premietači
Table 2 (continued),,,,,,,
Role nouns,,Czech,French,German,Italian,Norwegian,Slovak
(in English),,,,,,,
312 Proofreaders,,Korektoři,Correcteurs,Korrekturleser,Correttori di bozze,Korrekturlesere,Korektori
313 Prostitutes,,Prostituti,Prostitués,Prostituierte,Prostituti,Prostituerte,Prostitúti
314 Protestors,,Demonstranti,Manifestants,Demonstranten,Dimostranti,Demonstranter,Demonštranti
315 Psychiatrists,,Psychiatři,Psychiatres,Psychiater,Psichiatri,Psykiatikere,Psychiatri
316 Psychology students,,Studenti psychologie,Étudiants en psychologie,Psychologiestudenten,Studenti di psicologia,Psykologistudenter,Študenti psychológie
317 Publishers,,Vydavatelé,Éditeurs,Verleger,Editori,Forleggere,Vydavatelia
318 Racing car drivers,,Řidiči závodních aut,Pilotes de course,Rennfahrer,Piloti di auto da corsa,Racerbilsjåfører,Jazdci závodných aút
319 Radio announcers,,Rozhlasoví hlasatelé,Animateurs radio,Radiosprecher,Annunciatori radiofonici,Programledere i radio,Rozhlasoví hlásatelia
320 Radio technicians,,Rozhlasoví technici,Techniciens radio,Radiotechniker,Radiotecnici,Radioteknikere,Rozhlasoví technici
321 Rape victims,,Oběti znásilnění,Victimes de viol,Vergewaltigungsopfer,Vittime di violenza sessuale,Voldtektsofre,Obete znásilnenia
322 Rapists,,Násilníci,Violeurs,Vergewaltiger,Violentatori,Voldtektsmenn,Násilníci
323 Receptionists,,Recepční,Réceptionnistes,Rezeptionisten,Adetti alla riception,Resepsjonister,Recepční
324 Relatives,,Příbuzní,Proches (famille),Verwandte,Parenti,Slektninger,Príbuzní
325 Reporters,,Reportéři,Journalistes,Reporter,Cronisti,Reportere,Reportéri
326 Rescue workers,,Záchranáři,Secouristes,Rettungskräfte,Soccorritori,Redningsarbeidere,Záchranári
327 Research scientists,,Vědečtí pracovníci,Chercheurs,Forscher,Ricercatori scientifici,Forskere,Vedeckí pracovníci
328 Road workers,,Cestáři,Employés de voirie,Straßenbauarbeiter,Operai stradali,Veiarbeidere,Cestári
329 Roadies,,Roadies,Machinistes itinérants,Roadies,N/A,Roadier,N/A
330 Romantic novelists,,Spisovatelé červené,Écrivains de romans,Autoren von Liebesromanen,Scrittori di romanzi rosa,Forfattere av,Spisovatelia červenej
,,knihovny,à l’eau de rose,,,kjærlighetsromaner,knižnice
331 Roofers,,Pokrývači,Couvreurs,Dachdecker,Lattonieri,Taktekkere,Pokrývači
332 Rubbish collectors,,Popeláři,Éboueurs,Müllleute,Netturbini,Søppeltømmere,Smetiari
333 Runners,,Běžci,Coureurs,Läufer,Corridori,Løpere,Bežci
334 Sailors,,Námořníci,Marins,Segler,Marinai,Seilere,Námorníci
335 Sales assistants,,see “Salespersons”,Assistants de vente,Verkaufsassistenten,Commessi,Salgsassistenter,Obchodní referenti
336 Salespersons,,Prodavači,Vendeurs,Verkäufer,Addetti alle vendite,Selgere,Predavači
337 Schoolchildren,,Žáci,Élèves,Schulkinder,Scolari,Elever,Žiaci
338 Screenwriters,,Scénaristé,Scénaristes,Drehbuchautoren,Sceneggiatori,Manusforfattere,Scenáristi
339 Scuba divers,,Potápěči,Plongeurs,Sporttaucher,Sommozzatori,Dykkere,Potápači
340 Sculptors,,Sochaři,Sculpteurs,Bildhauer,Scultori,Skulptører,Sochári
341 Secretaries,,Sekretáři,Secrétaires,Sekretäre,Segretari,Sekretærer,Sekretári
342 Serial killers,,Sérioví vrazi,Tueurs en série,Serienmörder,Pluriomicidi,Seriemordere,Sérioví vrahovia
343 Sheriffs,,Šerifové,Shérifs,Sheriffs,Sceriffi,Sheriffer,Šerifovia
344 Shoemakers,,Obuvníci,Cordonniers,Schuhmacher,Calzolai,Skomakere,Obuvníci
Table 2 (continued),,,,,,,
Role nouns,,Czech,French,German,Italian,Norwegian,Slovak
(in English),,,,,,,
345 Shoplifters,,see “Thieves”,Voleurs à l’étalage,Ladendiebe,Taccheggiatori,Butikktyver,see “Thieves”
346 Shoppers,,Zákazníci,Clients de magasin,Käufer,Compratori,Shoppere,Zákazníci
347 Singers,,Zpěváci,Chanteurs,Sänger,Cantanti,Sangere,Speváci
348 Single parents,,Samoživitelé,Parents célibataires,Alleinerziehende,Ragazzi padri,Aleneforeldre,Samoživitelia
349 Skiers,,Lyžaři,Skieurs,Skiläufer,Sciatori,Skiløpere,Lyžiari
350 Smugglers,,Pašeráci,Contrebandiers,Schmuggler,Contrabbandieri,Smuglere,Pašeráci
351 Snooker players,,Hráči kulečníku,Joueurs de billard,Snookerspieler,Giocatori di biliardo,Snookerspillere,Hráči biliardu
352 Social workers,,Sociální pracovníci,Assistants sociaux,Sozialarbeiter,Assistenti sociali,Sosialarbeidere,Sociálni pracovníci
353 Socialites,,Prominenti,Mondains,N/A,Persone di mondo,N/A,Prominenti
354 Solarium users,,Klienti solária,Utilisateurs de solarium,Solariumnutzer,Ultilizzatori di solarium,Solariumbrukere,Klienti solária
355 Soldiers,,Vojáci,Soldats,Soldaten,Soldati,Soldater,Vojaci
356 Sound engineers,,Zvukaři,Ingénieurs du son,Toningenieure,Ingegneri del suono,Lydteknikere,Zvukári
357 Spectators,,Diváci,Spectateurs,Zuschauer,Spettatori,Tilskuere,Diváci
358 Speech therapists,,Logopedi,Logopédistes,Logopäden,Logoterapisti,Logopeder,Logopédi
359 Sports coaches,,Trenéři,Entraîneurs,Trainer,Allenatori,Trenere,Tréneri
360 Spies,,Špióni,Espions,Spione,Spie,Spioner,Špióni
361 Statisticians,,Statistici,Statisticiens,Statistiker,Statistici,Statistikere,Štatistici
362 Stockbrokers,,Makléři,Agents de change,Börsenmakler,Operatori di borsa,Børsmeklere,Makléri
363 Strippers,,Striptéři,Stripteaseurs,Stripper,Spogliarellisti,Strippere,Striptéri
364 Structural engineers,,Stavební inženýři,Ingénieurs en génie civil,Bauingenieure,Ingegneri civili,Bygningskonstruktører,Statici
365 Students,,Studenti,Étudiants,Studenten,Studenti,Studenter,Študenti
366 Sunbathers,,Opalující se,Bronzeurs,Sonnenbadende,N/A,N/A,Opaľujúci sa muži
367 Supervisors,,Vedoucí,Superviseurs,Vorgesetzte,Supervisori,Oppsynsmenn,Vedúci
368 Surfers,,Surfaři,Surfeurs,Surfer,Surfisti,Surfere,Surfisti
369 Surgeons,,Chirurgové,Chirurgiens,Chirurgen,Chirurghi,Kirurger,Chirurgovia
370 Suspects,,Podezřelí,Suspects,Tatverdächtige,Indiziati,Mistenkte,Podozrivé osoby
371 Swimmers,,Plavci,Nageurs,Schwimmer,Nuotatori,Svømmere,Plavci
372 Switchboard,,Spojovatelé,Standardistes,N/A,Centralinisti,Sentralbordoperatører,Spojovatelia
operators,,,,,,,
373 Synchronized,,Akvabelové,Nageurs synchronisés,Synchronschwimmer,Atleti di nuoto,Synkronsvømmere,Synchronizovaní
swimmers,,,,,sincronizzato,,plavci
374 Systems analysts,,Systémoví analytici,Analystes systèmes,Systemanalytiker,Analisti di sistema,Systemanalytikere,Systémoví analytici
,,,informatiques,,,,
375 Tailors,,0/krejčí,Tailleurs,Schneider,Sarti,Skreddere,Krajčíri
376 Tap dancers,,Stepaři,Danseur de claquettes,Stepptänzer,Ballerini di tip tap,Steppere,Stepári
Table 2 (continued),,,,,,,
Role nouns,,Czech,French,German,Italian,Norwegian,Slovak
(in English),,,,,,,
377 Tarot card readers,,Vykladači tarotu,Tireurs de cartes,Tarot-Kartenleger,Cartomanti,Spåmenn,Vykladači tarotových
,,,,,,,kariet
378 Tattooists,,Tatéři,Tatoueurs,Tätowierer,Tatuatori,Tatovører,Tatéri
379 Tax advisors,,Daňoví poradci,Conseillers fiscaux,Steuerberater,Consulenti fiscali,Skatterådgivere,Daňoví poradcovia
380 Taxi drivers,,Taxikáři,Conducteurs de taxi,Taxifahrer,Tassisti,Drosjesjåfører,Taxikári
381 Taxidermists,,Preparátoři,Taxidermistes,Präparatoren,Imbalsamatori,Utstoppere,Preparátori
382 Technicians,,Technici,Techniciens,Techniker,see “Technologists”,Teknikere,Technici
383 Technologists,,Technologové,Technologues,Technologen,Tecnici,Teknologer,Technológovia
384 Teenagers,,Teenageři,Adolescents,Teenager,Adolescenti,Tenåringer,Adolescenti
385 Telephone operators,,Telefonní operátoři,Opérateurs téléphoniques,Telefonisten,Telefonisti,Telefonoperatører,Telefonickí operátori
386 Tennis players,,Tenisti,Joueurs de tennis,Tennisspieler,Tennisti,Tennisspillere,Tenisti
387 Terrorists,,Teroristi,Terroristes,Terroristen,Terroristi,Terrorister,Teroristi
388 Theatre directors,,Ředitelé divadel,Directeurs de théâtre,Theaterdirektoren,Registi teatrali,Teaterregissører,Riaditelia divadiel
389 Thieves,,Zloději,Voleurs,Diebe,Ladri,Tyver,Zlodeji
390 Ticket inspectors,,Kontroloři,Contrôleurs,Controller,Controllori,Kontrollører,Kontrolóri
391 Toddlers,,Batolata,Nourrissons,Kleinkinder,Bimbi ai primi passi,Smårollinger,Batoľatá
392 Toolmakers,,Nástrojáři,Outilleurs,Werkzeugmacher,Attrezzisti,Verktøymakere,Nástrojári
393 Tour guides,,Průvodci,Guides touristiques,Reiseleiter,Guide turistiche,Reiseledere,Sprievodcovia v
,,,,,,,cestovnom ruchu
394 Trade unionists,,Odboráři,Syndicalistes,Gewerkschafter,Sindacalisti,Fagforeningsmedlemmer,Odborári
395 Traffic engineers,,Dopravní inženýři,Gestionnaires du trafic,Verkehrsingenieure,Ingegneri del traffico,Trafikkingeniører,Dopravní inžinieri
396 Train conductors,,Průvodčí,Conducteurs de train,Zugschaffner,Conducenti di treno,Togførere,Sprievodcovia
397 Translators,,Překladatelé,Traducteurs,Übersetzer,Traduttori,Oversettere,Prekladatelia
398 Travel agents,,Zaměstnanci cestovní,Agents de voyage,Reisekaufleute,Agenti di viaggio,Reisebyråagenter,Zamestnanci cestovnej
,,kanceláře,,,,,kancelárie
399 Trumpet players,,Trumpetisté,Joueurs de trompette,Trompeter,Trombettisti,Trompetister,Trubkári
400 Tuba players,,Hráči na tubu,Joueurs de tuba,Tubaspieler,Suonatori di tuba,Tubaspillere,Hráči na tube
401 Typists,,Písaři na stroji,Dactylos,Schreibkräfte,Dattilografi,N/A,Pisári na stroji
402 Tyre fitters,,Pracovníci pneuservisu,Techniciens du pneu,Reifenwechsler,Gommisti,N/A,Pracovníci
,,,,,,,pneuservisu
403 Undertakers,,Zaměstnanci pohřebního,Croque-morts,Bestatter,Becchini,Gravferdskonsulenter,Podnikatelia
,,ústavu,,,,,
404 Vets,,Veterináři,Vétérinaires,Tierärzte,Veterinari,Dyrleger,Veterinári
405 Vice chancellors,,Vícekancléři,Vice chanceliers,Vizekanzler,Vicecancellieri,N/A,Vicekancelári
406 Victims,,Oběti (ženy),Victimes homme,Opfer,Vittime,Ofre,Obete
Table 2 (continued),,,,,,,
Role nouns,,Czech,French,German,Italian,Norwegian,Slovak
(in English),,,,,,,
407 Violinists,,Houslisté,Violonistes,Geiger,Violinisti,Fiolinister,Huslisti
408 Waiters,,Číšníci,Serveurs,Kellner,Camerieri,Servitører,Čašníci
409 Wardens,,Správci,Gardiens,Aufseher,Guardiani,Voktere,Správcovia
410 Weavers,,Tkalci,Tisserands,Weber,Tessitori,Vevere,Tkáči
411 Wedding planners,,Organizátoři svateb,Organisateurs de,Hochzeitsplaner,Organizzatori di matrimonio,Bryllupsplanleggere,Organizátori svatieb
,,,mariages,,,,
412 Weight lifters,,Vzpěrači,Haltérophiles,Gewichtheber,Sollevatori pesi,Vektløftere,Vzpierači
413 Welders,,Svářeči,Soudeurs,Schweißer,Saldatori,Sveisere,Zvárači
414 Wine connoisseurs,,Znalci vína,Amateurs de vin,Weinkenner,Intenditori di vino,Vinkjennere,Znalci vína
415 Wood carvers,,Řezbáři,Sculpteurs sur bois,Holzschnitzer,Intagliatori,Treskjærere,Rezbári
416 Wood workers,,Dřevaři,Ébénistes,Holzbearbeiter,Falegnami,Tømrere,Drevári
417 Workers,,Pracovníci,Ouvriers,Arbeiter,Operai,Arbeidere,Pracovníci
418 Wrestlers,,Zápasníci,Catcheurs,Ringer,Lottatori di wrestling,Brytere,Zápasníci
419 Writers,,Spisovatelé,Écrivains,Schriftsteller,Scrittori,Skribenter,Spisovatelia
420 X-ray technicians,,Rentgenologové,Radiographes,Röntgentechniker,Radiologi,Røntgenteknikere,Röntgenológovia
421 Youngsters,,Nezletilí,Jeunes garçons,Jugendliche,Giovincelli,Ungdommer,Mládež
422 Zoologists,,Zoologové,Zoologistes,Zoologen,Zoologi,Zoologer,Zoológovia
